test	suite	shard	cycles	predicted_ft	multimember_ft	k_cnt_nonzero	mispred_squash	btb_window_hit	alloc_total	rel_commit	rel_squash	i1_violation	release_accounting_mismatch	assertion_a_violation	fetch_resteer_to_bac	load_committed	lr_committed	store_committed	sc_committed	store_violation_squash	all_squashes
hypervisor-p-2-stage_translation	p-	none	1380	643	0	0	15	14	42	27	10	0	1	0	0	1	0	13	0	0	28
hypervisor-p-2-stage_translation_implicit_load_error	p-	none	1641	839	0	0	31	17	66	34	27	0	1	0	0	0	0	3	0	0	36
hypervisor-p-2-stage_translation_implicit_load_error_hs	p-	none	1816	948	0	0	35	15	74	38	31	0	1	0	0	0	0	3	0	0	40
hypervisor-svadu-p-2-stage_translation_implicit_store_error	p-	none	1722	904	0	0	33	18	69	36	28	0	0	0	0	0	0	3	0	0	38
hypervisor-svadu-p-2-stage_translation_implicit_store_error_hs	p-	none	1929	980	0	0	32	18	74	40	29	0	0	0	0	0	0	3	0	0	42
rv64mi-p-breakpoint	p-	none	3480	1751	0	10	64	44	143	78	63	0	0	0	0	3	0	2	0	0	79
rv64mi-p-csr	p-	none	3552	1895	0	6	72	40	160	80	78	0	0	0	0	1	0	1	0	0	81
rv64mi-p-illegal	p-	none	4578	3175	89	15	211	715	913	130	781	0	0	0	0	0	0	1	0	0	122
rv64mi-p-ld-misaligned	p-	none	1386	629	0	0	18	4	39	25	12	0	0	0	0	8	0	1	0	0	26
rv64mi-p-lh-misaligned	p-	none	1102	542	0	0	18	4	39	25	12	0	0	0	0	2	0	1	0	0	26
rv64mi-p-lw-misaligned	p-	none	1171	570	0	0	18	4	39	25	12	0	0	0	0	4	0	1	0	0	26
rv64mi-p-ma_addr	p-	none	1540	898	0	0	46	7	67	25	40	0	0	0	0	59	0	12	0	0	26
rv64mi-p-mcsr	p-	none	1342	650	0	0	15	13	46	32	9	0	1	0	0	0	0	1	0	0	33
rv64mi-p-sbreak	p-	none	1341	995	0	2	79	32	125	32	91	0	0	0	0	0	0	1	0	0	33
rv64mi-p-scall	p-	none	1259	872	0	0	63	4	86	30	54	0	0	0	0	0	0	1	0	0	31
rv64mi-p-sd-misaligned	p-	none	1482	1002	0	0	74	4	94	33	59	0	0	0	0	8	0	9	0	0	34
rv64mi-p-sh-misaligned	p-	none	1123	775	0	0	61	4	80	27	51	0	0	0	0	2	0	3	0	0	28
rv64mi-p-sw-misaligned	p-	none	1164	827	0	0	77	4	94	29	63	0	0	0	0	4	0	5	0	0	30
rv64mzicbo-p-zero	p-	none	1162	613	0	0	23	13	47	25	17	0	1	0	0	8	0	2	0	0	26
rv64si-p-csr	p-	none	2277	1081	0	0	14	13	65	51	9	0	1	0	0	0	0	1	0	0	52
rv64si-p-dirty	p-	none	2339	1456	0	6	96	66	181	52	120	0	1	0	0	6	0	5	0	0	54
rv64si-p-icache-alias	p-	none	2463	1301	0	8	62	72	148	59	84	0	1	0	3	0	0	7	0	0	57
rv64si-p-ma_fetch	p-	none	1415	1132	0	0	114	28	143	37	101	0	1	0	0	0	0	1	0	0	42
rv64si-p-sbreak	p-	none	1354	997	0	0	73	31	121	32	84	0	1	0	0	0	0	1	0	0	33
rv64si-p-scall	p-	none	1472	1099	0	0	80	30	130	35	90	0	1	0	0	0	0	1	0	0	36
rv64si-p-wfi	p-	none	1173	582	0	0	14	13	42	28	9	0	1	0	0	0	0	1	0	0	29
rv64ssvnapot-p-napot	p-	none	1658	807	0	2	29	19	66	34	24	0	1	0	0	0	0	6	0	0	35
rv64ua-p-amoadd_d	p-	none	1081	520	0	0	15	12	38	24	9	0	1	0	0	2	0	2	0	0	25
rv64ua-p-amoadd_w	p-	none	1120	538	0	0	15	12	39	25	9	0	1	0	0	2	0	2	0	1	26
rv64ua-p-amoand_d	p-	none	1121	537	0	0	15	12	39	25	9	0	1	0	0	2	0	2	0	1	26
rv64ua-p-amoand_w	p-	none	1117	535	0	0	15	12	39	25	9	0	1	0	0	2	0	2	0	1	26
rv64ua-p-amomax_d	p-	none	1077	519	0	0	15	12	38	24	9	0	1	0	0	2	0	3	0	0	25
rv64ua-p-amomax_w	p-	none	1100	532	0	0	15	12	38	24	9	0	1	0	0	3	0	4	0	0	25
rv64ua-p-amomaxu_d	p-	none	1077	519	0	0	15	12	38	24	9	0	1	0	0	2	0	3	0	0	25
rv64ua-p-amomaxu_w	p-	none	1100	532	0	0	15	12	38	24	9	0	1	0	0	3	0	4	0	0	25
rv64ua-p-amomin_d	p-	none	1077	519	0	0	15	12	38	24	9	0	1	0	0	2	0	3	0	0	25
rv64ua-p-amomin_w	p-	none	1100	532	0	0	15	12	38	24	9	0	1	0	0	3	0	4	0	0	25
rv64ua-p-amominu_d	p-	none	1077	519	0	0	15	12	38	24	9	0	1	0	0	2	0	3	0	0	25
rv64ua-p-amominu_w	p-	none	1100	532	0	0	15	12	38	24	9	0	1	0	0	3	0	4	0	0	25
rv64ua-p-amoor_d	p-	none	1117	536	0	0	15	12	39	25	9	0	1	0	0	2	0	2	0	1	26
rv64ua-p-amoor_w	p-	none	1117	536	0	0	15	12	39	25	9	0	1	0	0	2	0	2	0	1	26
rv64ua-p-amoswap_d	p-	none	1121	537	0	0	15	12	39	25	9	0	1	0	0	2	0	2	0	1	26
rv64ua-p-amoswap_w	p-	none	1117	535	0	0	15	12	39	25	9	0	1	0	0	2	0	2	0	1	26
rv64ua-p-amoxor_d	p-	none	1125	538	0	0	15	12	39	25	9	0	1	0	0	2	0	2	0	1	26
rv64ua-p-amoxor_w	p-	none	1129	539	0	0	15	12	39	25	9	0	1	0	0	2	0	2	0	1	26
rv64ua-p-lrsc	p-	none	19290	5605	0	0	28	2403	2478	1124	1349	0	1	0	0	4	1025	1	1028	75	113
rv64uc-p-rvc	p-	none	1666	1003	0	0	78	10	101	37	59	0	1	0	0	9	0	5	0	0	42
rv64ud-p-fadd	p-	none	1913	852	0	0	15	12	50	36	9	0	1	0	0	40	0	1	0	0	37
rv64ud-p-fclass	p-	none	1233	597	0	0	15	12	40	26	9	0	1	0	0	0	0	1	0	0	27
rv64ud-p-fcmp	p-	none	2231	987	0	0	15	12	55	41	9	0	1	0	0	60	0	1	0	0	42
rv64ud-p-fcvt	p-	none	1841	836	0	0	15	12	50	36	9	0	1	0	0	17	0	1	0	0	37
rv64ud-p-fcvt_w	p-	none	3801	1630	0	0	15	12	74	60	9	0	1	0	0	152	0	1	0	0	61
rv64ud-p-fdiv	p-	none	1739	788	0	0	15	12	48	34	9	0	1	0	0	32	0	1	0	0	35
rv64ud-p-fmadd	p-	none	2070	917	0	0	15	12	52	38	9	0	1	0	0	48	0	1	0	0	39
rv64ud-p-fmin	p-	none	2541	1095	0	0	15	12	58	44	9	0	1	0	0	72	0	1	0	0	45
rv64ud-p-ldst	p-	none	1172	576	0	0	15	12	40	26	9	0	1	0	0	10	0	6	0	0	27
rv64ud-p-move	p-	none	2696	937	0	0	15	12	40	26	9	0	1	0	0	0	0	1	0	0	27
rv64ud-p-recoding	p-	none	1245	592	0	0	15	12	40	26	9	0	1	0	0	7	0	2	0	0	27
rv64ud-p-structural	p-	none	2023	1272	0	0	109	22	134	47	82	0	1	0	0	0	0	1	0	0	54
rv64uf-p-fadd	p-	none	1913	852	0	0	15	12	50	36	9	0	1	0	0	40	0	1	0	0	37
rv64uf-p-fclass	p-	none	1217	594	0	0	15	12	40	26	9	0	1	0	0	0	0	1	0	0	27
rv64uf-p-fcmp	p-	none	2231	987	0	0	15	12	55	41	9	0	1	0	0	60	0	1	0	0	42
rv64uf-p-fcvt	p-	none	1630	756	0	0	15	12	48	34	9	0	1	0	0	8	0	1	0	0	35
rv64uf-p-fcvt_w	p-	none	3428	1480	0	0	15	12	69	55	9	0	1	0	0	132	0	1	0	0	56
rv64uf-p-fdiv	p-	none	1663	763	0	0	15	12	47	33	9	0	1	0	0	28	0	1	0	0	34
rv64uf-p-fmadd	p-	none	2070	917	0	0	15	12	52	38	9	0	1	0	0	48	0	1	0	0	39
rv64uf-p-fmin	p-	none	2541	1095	0	0	15	12	58	44	9	0	1	0	0	72	0	1	0	0	45
rv64uf-p-ldst	p-	none	1183	561	0	0	15	12	40	26	9	0	1	0	0	4	0	3	0	0	27
rv64uf-p-move	p-	none	1817	819	0	0	15	12	48	34	9	0	1	0	0	0	0	1	0	0	35
rv64uf-p-recoding	p-	none	1198	575	0	0	15	12	40	26	9	0	1	0	0	2	0	1	0	0	27
rv64ui-p-add	p-	none	2453	1028	0	0	30	31	66	52	9	0	1	0	0	0	0	1	0	0	40
rv64ui-p-addi	p-	none	1630	726	0	0	21	18	48	34	9	0	1	0	0	0	0	1	0	0	31
rv64ui-p-addiw	p-	none	1621	723	0	0	21	15	47	33	9	0	1	0	0	0	0	1	0	0	31
rv64ui-p-addw	p-	none	2443	1026	0	0	30	31	66	52	9	0	1	0	0	0	0	1	0	0	40
rv64ui-p-and	p-	none	2613	1103	0	0	30	27	68	54	9	0	1	0	0	0	0	1	0	0	40
rv64ui-p-andi	p-	none	1609	717	0	0	21	16	48	34	9	0	1	0	0	0	0	1	0	0	31
rv64ui-p-auipc	p-	none	1053	762	0	0	53	13	76	26	45	0	1	0	0	0	0	1	0	0	25
rv64ui-p-beq	p-	none	2427	1106	0	0	41	29	72	58	9	0	1	0	0	0	0	1	0	0	51
rv64ui-p-bge	p-	none	2726	1256	0	0	50	32	81	67	9	0	1	0	0	0	0	1	0	0	60
rv64ui-p-bgeu	p-	none	2956	1322	0	0	50	38	85	71	9	0	1	0	0	0	0	1	0	0	60
rv64ui-p-blt	p-	none	2429	1106	0	0	41	29	72	58	9	0	1	0	0	0	0	1	0	0	51
rv64ui-p-bltu	p-	none	2643	1166	0	1	41	36	77	61	11	0	1	0	0	0	0	1	0	0	51
rv64ui-p-bne	p-	none	2482	1133	0	1	43	37	78	63	10	0	1	0	0	0	0	1	0	0	53
rv64ui-p-fence_i	p-	none	2097	926	0	0	29	389	182	130	47	0	1	0	0	2	0	5	0	0	41
rv64ui-p-jal	p-	none	1103	750	0	0	58	12	81	26	50	0	1	0	0	0	0	1	0	0	27
rv64ui-p-jalr	p-	none	1511	894	3	4	56	24	86	38	43	0	1	0	0	0	0	1	0	0	45
rv64ui-p-lb	p-	none	1671	736	0	0	21	20	49	35	9	0	1	0	0	24	0	1	0	0	31
rv64ui-p-lbu	p-	none	1671	736	0	0	21	20	49	35	9	0	1	0	0	24	0	1	0	0	31
rv64ui-p-ld	p-	none	2066	834	0	0	21	21	50	36	9	0	1	0	0	24	0	1	0	0	31
rv64ui-p-ld_st	p-	none	4452	2368	0	0	205	63	228	81	142	0	1	0	0	277	0	278	0	0	139
rv64ui-p-lh	p-	none	1711	748	0	0	21	20	50	36	9	0	1	0	0	24	0	1	0	0	31
rv64ui-p-lhu	p-	none	1717	744	0	0	21	21	50	36	9	0	1	0	0	24	0	1	0	0	31
rv64ui-p-lui	p-	none	1065	518	0	0	15	12	38	24	9	0	1	0	0	0	0	1	0	0	25
rv64ui-p-lw	p-	none	1731	753	0	0	21	21	50	36	9	0	1	0	0	24	0	1	0	0	31
rv64ui-p-lwu	p-	none	1797	767	0	0	21	23	50	36	9	0	1	0	0	24	0	1	0	0	31
rv64ui-p-ma_data	p-	none	7654	3834	0	0	296	79	319	111	203	0	1	0	0	180	0	136	0	0	199
rv64ui-p-or	p-	none	2670	1106	0	0	30	27	68	54	9	0	1	0	0	0	0	1	0	0	40
rv64ui-p-ori	p-	none	1591	714	0	0	21	18	49	35	9	0	1	0	0	0	0	1	0	0	31
rv64ui-p-sb	p-	none	2308	1268	0	0	89	29	124	57	62	0	1	0	0	34	0	36	0	1	46
rv64ui-p-sd	p-	none	2656	1369	0	1	80	31	115	56	54	0	1	0	0	34	0	35	0	1	46
rv64ui-p-sh	p-	none	2374	1287	0	0	89	33	124	57	62	0	1	0	0	34	0	36	0	1	46
rv64ui-p-simple	p-	none	1003	480	0	0	14	12	37	23	9	0	1	0	0	0	0	1	0	0	24
rv64ui-p-sll	p-	none	2573	1064	0	0	30	29	65	51	9	0	1	0	0	0	0	1	0	0	40
rv64ui-p-slli	p-	none	1691	736	0	0	21	18	48	34	9	0	1	0	0	0	0	1	0	0	31
rv64ui-p-slliw	p-	none	1685	740	0	0	21	18	48	34	9	0	1	0	0	0	0	1	0	0	31
rv64ui-p-sllw	p-	none	2577	1067	0	0	30	29	65	51	9	0	1	0	0	0	0	1	0	0	40
rv64ui-p-slt	p-	none	2431	1030	0	0	30	29	65	51	9	0	1	0	0	0	0	1	0	0	40
rv64ui-p-slti	p-	none	1617	719	0	0	21	18	48	34	9	0	1	0	0	0	0	1	0	0	31
rv64ui-p-sltiu	p-	none	1617	719	0	0	21	18	48	34	9	0	1	0	0	0	0	1	0	0	31
rv64ui-p-sltu	p-	none	2469	1036	0	0	30	26	63	49	9	0	1	0	0	0	0	1	0	0	40
rv64ui-p-sra	p-	none	2523	1050	0	0	30	29	65	51	9	0	1	0	0	0	0	1	0	0	40
rv64ui-p-srai	p-	none	1654	734	0	0	21	20	49	35	9	0	1	0	0	0	0	1	0	0	31
rv64ui-p-sraiw	p-	none	1755	757	0	0	21	19	49	35	9	0	1	0	0	0	0	1	0	0	31
rv64ui-p-sraw	p-	none	2595	1070	0	0	30	29	65	51	9	0	1	0	0	0	0	1	0	0	40
rv64ui-p-srl	p-	none	2619	1081	0	0	30	31	67	53	9	0	1	0	0	0	0	1	0	0	40
rv64ui-p-srli	p-	none	1715	746	0	0	21	19	49	35	9	0	1	0	0	0	0	1	0	0	31
rv64ui-p-srliw	p-	none	1703	741	0	0	21	15	47	33	9	0	1	0	0	0	0	1	0	0	31
rv64ui-p-srlw	p-	none	2583	1061	0	0	30	31	66	52	9	0	1	0	0	0	0	1	0	0	40
rv64ui-p-st_ld	p-	none	1993	745	0	0	15	12	38	24	9	0	1	0	0	70	0	71	0	0	25
rv64ui-p-sub	p-	none	2437	1030	0	0	30	31	66	52	9	0	1	0	0	0	0	1	0	0	40
rv64ui-p-subw	p-	none	2429	1029	0	0	30	31	66	52	9	0	1	0	0	0	0	1	0	0	40
rv64ui-p-sw	p-	none	2392	1286	0	1	86	31	119	56	58	0	1	0	0	34	0	35	0	1	46
rv64ui-p-xor	p-	none	2664	1104	0	0	30	28	68	54	9	0	1	0	0	0	0	1	0	0	40
rv64ui-p-xori	p-	none	1595	717	0	0	21	17	48	34	9	0	1	0	0	0	0	1	0	0	31
rv64um-p-div	p-	none	1157	558	0	0	15	12	38	24	9	0	1	0	0	0	0	1	0	0	25
rv64um-p-divu	p-	none	1167	561	0	0	15	12	38	24	9	0	1	0	0	0	0	1	0	0	25
rv64um-p-divuw	p-	none	1147	551	0	0	15	12	38	24	9	0	1	0	0	0	0	1	0	0	25
rv64um-p-divw	p-	none	1139	549	0	0	15	12	38	24	9	0	1	0	0	0	0	1	0	0	25
rv64um-p-mul	p-	none	2461	1035	0	0	30	26	63	49	9	0	1	0	0	0	0	1	0	0	40
rv64um-p-mulh	p-	none	2471	1038	0	0	30	32	68	54	9	0	1	0	0	0	0	1	0	0	40
rv64um-p-mulhsu	p-	none	2471	1038	0	0	30	32	68	54	9	0	1	0	0	0	0	1	0	0	40
rv64um-p-mulhu	p-	none	2531	1053	0	0	30	32	68	54	9	0	1	0	0	0	0	1	0	0	40
rv64um-p-mulw	p-	none	2329	1002	0	0	30	29	65	51	9	0	1	0	0	0	0	1	0	0	40
rv64um-p-rem	p-	none	1131	549	0	0	15	12	38	24	9	0	1	0	0	0	0	1	0	0	25
rv64um-p-remu	p-	none	1133	549	0	0	15	12	38	24	9	0	1	0	0	0	0	1	0	0	25
rv64um-p-remuw	p-	none	1129	548	0	0	15	12	38	24	9	0	1	0	0	0	0	1	0	0	25
rv64um-p-remw	p-	none	1139	549	0	0	15	12	38	24	9	0	1	0	0	0	0	1	0	0	25
rv64uzba-p-add_uw	p-	none	2455	1033	0	0	30	31	66	52	9	0	1	0	0	0	0	1	0	0	40
rv64uzba-p-sh1add	p-	none	2461	1036	0	0	30	31	66	52	9	0	1	0	0	0	0	1	0	0	40
rv64uzba-p-sh1add_uw	p-	none	2469	1031	0	0	30	31	66	52	9	0	1	0	0	0	0	1	0	0	40
rv64uzba-p-sh2add	p-	none	2461	1036	0	0	30	31	66	52	9	0	1	0	0	0	0	1	0	0	40
rv64uzba-p-sh2add_uw	p-	none	2469	1031	0	0	30	31	66	52	9	0	1	0	0	0	0	1	0	0	40
rv64uzba-p-sh3add	p-	none	2461	1036	0	0	30	31	66	52	9	0	1	0	0	0	0	1	0	0	40
rv64uzba-p-sh3add_uw	p-	none	2469	1031	0	0	30	31	66	52	9	0	1	0	0	0	0	1	0	0	40
rv64uzba-p-slli_uw	p-	none	1719	747	0	0	21	19	49	35	9	0	1	0	0	0	0	1	0	0	31
rv64uzbb-p-andn	p-	none	2655	1095	0	0	30	31	68	54	9	0	1	0	0	0	0	1	0	0	40
rv64uzbb-p-clz	p-	none	1497	670	0	0	18	14	43	29	9	0	1	0	0	0	0	1	0	0	28
rv64uzbb-p-clzw	p-	none	1465	660	0	0	18	14	43	29	9	0	1	0	0	0	0	1	0	0	28
rv64uzbb-p-cpop	p-	none	1497	670	0	0	18	14	43	29	9	0	1	0	0	0	0	1	0	0	28
rv64uzbb-p-cpopw	p-	none	1465	660	0	0	18	14	43	29	9	0	1	0	0	0	0	1	0	0	28
rv64uzbb-p-ctz	p-	none	1497	670	0	0	18	14	43	29	9	0	1	0	0	0	0	1	0	0	28
rv64uzbb-p-ctzw	p-	none	1467	660	0	0	18	15	43	29	9	0	1	0	0	0	0	1	0	0	28
rv64uzbb-p-max	p-	none	2441	1029	0	0	30	27	64	50	9	0	1	0	0	0	0	1	0	0	40
rv64uzbb-p-maxu	p-	none	2503	1046	0	0	30	31	66	52	9	0	1	0	0	0	0	1	0	0	40
rv64uzbb-p-min	p-	none	2433	1028	0	0	30	26	63	49	9	0	1	0	0	0	0	1	0	0	40
rv64uzbb-p-minu	p-	none	2481	1035	0	0	30	31	66	52	9	0	1	0	0	0	0	1	0	0	40
rv64uzbb-p-orc_b	p-	none	1539	680	0	0	18	15	43	29	9	0	1	0	0	0	0	1	0	0	28
rv64uzbb-p-orn	p-	none	2673	1088	0	0	30	30	68	54	9	0	1	0	0	0	0	1	0	0	40
rv64uzbb-p-rev8	p-	none	1572	689	0	0	18	14	43	29	9	0	1	0	0	0	0	1	0	0	28
rv64uzbb-p-rol	p-	none	2583	1068	0	0	30	32	67	53	9	0	1	0	0	0	0	1	0	0	40
rv64uzbb-p-rolw	p-	none	2585	1066	0	0	30	29	65	51	9	0	1	0	0	0	0	1	0	0	40
rv64uzbb-p-ror	p-	none	2645	1085	0	0	30	28	65	51	9	0	1	0	0	0	0	1	0	0	40
rv64uzbb-p-rori	p-	none	1712	743	0	0	21	17	48	34	9	0	1	0	0	0	0	1	0	0	31
rv64uzbb-p-roriw	p-	none	1625	725	0	0	21	16	47	33	9	0	1	0	0	0	0	1	0	0	31
rv64uzbb-p-rorw	p-	none	2513	1050	0	0	30	29	65	51	9	0	1	0	0	0	0	1	0	0	40
rv64uzbb-p-sext_b	p-	none	1497	670	0	0	18	14	43	29	9	0	1	0	0	0	0	1	0	0	28
rv64uzbb-p-sext_h	p-	none	1503	669	0	0	18	15	43	29	9	0	1	0	0	0	0	1	0	0	28
rv64uzbb-p-xnor	p-	none	2671	1091	0	0	30	28	67	53	9	0	1	0	0	0	0	1	0	0	40
rv64uzbb-p-zext_h	p-	none	1509	674	0	0	18	15	43	29	9	0	1	0	0	0	0	1	0	0	28
rv64uzbc-p-clmul	p-	none	2463	1038	0	0	30	31	66	52	9	0	1	0	0	0	0	1	0	0	40
rv64uzbc-p-clmulh	p-	none	2473	1035	0	0	30	31	66	52	9	0	1	0	0	0	0	1	0	0	40
rv64uzbc-p-clmulr	p-	none	2469	1036	0	0	30	27	64	50	9	0	1	0	0	0	0	1	0	0	40
rv64uzbkb-p-brev8	p-	none	1537	675	0	0	18	16	44	30	9	0	1	0	0	0	0	1	0	0	28
rv64uzbkb-p-pack	p-	none	2913	1175	0	0	30	29	68	54	9	0	1	0	0	0	0	1	0	0	40
rv64uzbkb-p-packh	p-	none	2583	1085	0	0	30	31	68	54	9	0	1	0	0	0	0	1	0	0	40
rv64uzbkb-p-packw	p-	none	2443	1034	0	0	30	30	67	53	9	0	1	0	0	0	0	1	0	0	40
rv64uzbkx-p-xperm4	p-	none	2767	1134	0	0	30	31	68	54	9	0	1	0	0	0	0	1	0	0	40
rv64uzbkx-p-xperm8	p-	none	3598	1363	0	0	30	27	68	54	9	0	1	0	0	0	0	1	0	0	40
rv64uzbs-p-bclr	p-	none	2796	1143	0	0	30	29	68	54	9	0	1	0	0	0	0	1	0	0	40
rv64uzbs-p-bclri	p-	none	1779	764	0	0	21	18	49	35	9	0	1	0	0	0	0	1	0	0	31
rv64uzbs-p-bext	p-	none	2661	1082	0	0	30	31	67	53	9	0	1	0	0	0	0	1	0	0	40
rv64uzbs-p-bexti	p-	none	1711	747	0	0	21	18	49	35	9	0	1	0	0	0	0	1	0	0	31
rv64uzbs-p-binv	p-	none	2631	1083	0	0	30	26	64	50	9	0	1	0	0	0	0	1	0	0	40
rv64uzbs-p-binvi	p-	none	1715	745	0	0	21	17	48	34	9	0	1	0	0	0	0	1	0	0	31
rv64uzbs-p-bset	p-	none	2800	1144	0	0	30	27	68	54	9	0	1	0	0	0	0	1	0	0	40
rv64uzbs-p-bseti	p-	none	1793	763	0	0	21	19	50	36	9	0	1	0	0	0	0	1	0	0	31
rv64uzfh-p-fadd	p-	none	1913	852	0	0	15	12	50	36	9	0	1	0	0	40	0	1	0	0	37
rv64uzfh-p-fclass	p-	none	1218	594	0	0	15	12	40	26	9	0	1	0	0	0	0	1	0	0	27
rv64uzfh-p-fcmp	p-	none	1565	724	0	0	15	12	46	32	9	0	1	0	0	24	0	1	0	0	33
rv64uzfh-p-fcvt	p-	none	1803	825	0	0	15	12	50	36	9	0	1	0	0	16	0	1	0	0	37
rv64uzfh-p-fcvt_w	p-	none	3428	1480	0	0	15	12	69	55	9	0	1	0	0	132	0	1	0	0	56
rv64uzfh-p-fdiv	p-	none	1663	763	0	0	15	12	47	33	9	0	1	0	0	28	0	1	0	0	34
rv64uzfh-p-fmadd	p-	none	2070	917	0	0	15	12	52	38	9	0	1	0	0	48	0	1	0	0	39
rv64uzfh-p-fmin	p-	none	2541	1095	0	0	15	12	58	44	9	0	1	0	0	72	0	1	0	0	45
rv64uzfh-p-ldst	p-	none	1194	573	0	0	15	12	40	26	9	0	1	0	0	4	0	3	0	0	27
rv64uzfh-p-move	p-	none	1812	817	0	0	15	12	48	34	9	0	1	0	0	0	0	1	0	0	35
rv64uzfh-p-recoding	p-	none	1198	575	0	0	15	12	40	26	9	0	1	0	0	2	0	1	0	0	27
rv64uziccid-p-ziccid	p-	none	7364	4864	435	0	700	1340	1531	591	935	0	1	0	0	0	0	105	0	0	446
rv64uzicond-p-czero_eqz	p-	none	2389	1012	0	0	30	31	66	52	9	0	1	0	0	0	0	1	0	0	40
rv64uzicond-p-czero_nez	p-	none	2377	1013	0	0	30	27	64	50	9	0	1	0	0	0	0	1	0	0	40
rv64ua-v-amoadd_d	v-	15/18	23926	7017	274	6	359	4733	2354	1280	1050	0	0	0	0	2891	0	1987	0	0	245
rv64ua-v-amoadd_w	v-	16/18	23960	7067	274	6	359	4734	2359	1281	1054	0	0	0	0	2891	0	1987	0	1	246
rv64ua-v-amoand_d	v-	17/18	24068	7139	276	6	367	4739	2370	1283	1063	0	0	0	0	2895	0	1987	0	1	248
rv64ua-v-amoand_w	v-	18/18	24071	7126	276	6	367	4739	2370	1283	1063	0	0	0	0	2895	0	1987	0	1	248
rv64ua-v-amomax_d	v-	1/18	23861	6975	273	6	352	4742	2352	1279	1049	0	0	0	0	2889	0	1988	0	0	243
rv64ua-v-amomax_w	v-	4/18	23909	7011	273	6	354	4730	2351	1279	1048	0	0	0	0	2890	0	1989	0	0	244
rv64ua-v-amomaxu_d	v-	2/18	23861	6975	273	6	352	4742	2352	1279	1049	0	0	0	0	2889	0	1988	0	0	243
rv64ua-v-amomaxu_w	v-	3/18	23909	7011	273	6	354	4730	2351	1279	1048	0	0	0	0	2890	0	1989	0	0	244
rv64ua-v-amomin_d	v-	5/18	23861	6975	273	6	352	4742	2352	1279	1049	0	0	0	0	2889	0	1988	0	0	243
rv64ua-v-amomin_w	v-	8/18	24058	7121	276	6	366	4738	2366	1282	1060	0	0	0	0	2896	0	1989	0	0	247
rv64ua-v-amominu_d	v-	6/18	23910	7007	276	7	356	4753	2363	1280	1059	0	0	0	0	2891	0	1988	0	0	246
rv64ua-v-amominu_w	v-	7/18	23958	7043	276	7	358	4741	2362	1280	1058	0	0	0	0	2892	0	1989	0	0	247
rv64ua-v-amoor_d	v-	9/18	23914	7005	274	7	356	4733	2357	1280	1053	0	0	0	0	2889	0	1987	0	1	246
rv64ua-v-amoor_w	v-	10/18	23914	7005	274	7	356	4733	2357	1280	1053	0	0	0	0	2889	0	1987	0	1	246
rv64ua-v-amoswap_d	v-	11/18	24068	7139	276	6	367	4739	2370	1283	1063	0	0	0	0	2895	0	1987	0	1	248
rv64ua-v-amoswap_w	v-	12/18	24071	7126	276	6	367	4739	2370	1283	1063	0	0	0	0	2895	0	1987	0	1	248
rv64ua-v-amoxor_d	v-	13/18	23916	7033	274	7	356	4733	2357	1280	1053	0	0	0	0	2889	0	1987	0	1	246
rv64ua-v-amoxor_w	v-	14/18	23923	7004	273	6	355	4731	2355	1280	1051	0	0	0	0	2889	0	1987	0	1	245
rv64ua-v-lrsc	v-	15/18	41845	11839	269	7	335	7124	4734	2379	2331	0	0	0	0	2891	1025	1986	1028	75	325
rv64uc-v-rvc	v-	14/18	33050	9504	925	37	487	8355	3553	1985	1544	0	0	0	0	4535	0	2601	0	0	330
rv64ud-v-fadd	v-	9/18	23566	6986	775	14	312	7582	2626	1654	948	0	0	0	0	3395	0	1433	0	0	232
rv64ud-v-fclass	v-	10/18	14141	4637	168	6	256	4059	1561	955	582	0	0	0	0	1726	0	822	0	0	155
rv64ud-v-fcmp	v-	11/18	23874	7124	775	14	312	7583	2632	1659	949	0	0	0	0	3415	0	1433	0	0	237
rv64ud-v-fcvt	v-	12/18	23488	6971	774	14	314	7582	2627	1654	949	0	0	0	0	3372	0	1433	0	0	232
rv64ud-v-fcvt_w	v-	13/18	34125	9645	1376	20	367	11096	3696	2367	1305	0	0	0	0	5136	0	2044	0	0	319
rv64ud-v-fdiv	v-	14/18	23394	6923	775	14	312	7582	2624	1652	948	0	0	0	0	3387	0	1433	0	0	230
rv64ud-v-fmadd	v-	15/18	23715	7049	774	14	312	7579	2625	1656	945	0	0	0	0	3403	0	1433	0	0	234
rv64ud-v-fmin	v-	16/18	24197	7251	775	14	312	7582	2634	1662	948	0	0	0	0	3427	0	1433	0	0	240
rv64ud-v-ldst	v-	17/18	23572	6779	272	8	326	4742	2307	1282	1001	0	0	0	0	2901	0	1991	0	0	240
rv64ud-v-move	v-	18/18	24427	6863	776	14	314	7588	2623	1644	955	0	0	0	0	3355	0	1433	0	0	222
rv64ud-v-recoding	v-	1/18	23884	6986	282	13	345	4767	2338	1287	1027	0	0	0	0	2908	0	1987	0	0	250
rv64ud-v-structural	v-	2/18	14883	5404	166	6	368	4078	1668	976	668	0	0	0	0	1726	0	822	0	0	180
rv64uf-v-fadd	v-	16/18	23566	6986	775	14	312	7582	2626	1654	948	0	0	0	0	3395	0	1433	0	0	232
rv64uf-v-fclass	v-	17/18	14125	4631	168	6	256	4059	1561	955	582	0	0	0	0	1726	0	822	0	0	155
rv64uf-v-fcmp	v-	18/18	23874	7124	775	14	312	7583	2632	1659	949	0	0	0	0	3415	0	1433	0	0	237
rv64uf-v-fcvt	v-	1/18	23269	6868	774	14	313	7582	2624	1652	948	0	0	0	0	3363	0	1433	0	0	230
rv64uf-v-fcvt_w	v-	2/18	33789	9556	1377	20	367	11099	3694	2362	1308	0	0	0	0	5116	0	2044	0	0	314
rv64uf-v-fdiv	v-	3/18	23316	6883	775	14	312	7582	2623	1651	948	0	0	0	0	3383	0	1433	0	0	229
rv64uf-v-fmadd	v-	4/18	23715	7049	774	14	312	7579	2625	1656	945	0	0	0	0	3403	0	1433	0	0	234
rv64uf-v-fmin	v-	5/18	24197	7251	775	14	312	7582	2634	1662	948	0	0	0	0	3427	0	1433	0	0	240
rv64uf-v-ldst	v-	6/18	23775	6911	280	12	347	4762	2335	1286	1025	0	0	0	0	2903	0	1988	0	0	248
rv64uf-v-move	v-	7/18	14695	4819	167	6	255	4054	1564	963	577	0	0	0	0	1726	0	822	0	0	163
rv64uf-v-recoding	v-	8/18	22830	6666	774	14	317	7579	2617	1644	949	0	0	0	0	3357	0	1433	0	0	222
rv64ui-v-add	v-	1/18	15388	5066	168	6	270	4077	1586	982	580	0	0	0	0	1726	0	822	0	0	169
rv64ui-v-addi	v-	2/18	14562	4785	168	6	262	4063	1569	964	581	0	0	0	0	1726	0	822	0	0	160
rv64ui-v-addiw	v-	3/18	14556	4793	168	6	262	4066	1570	965	581	0	0	0	0	1726	0	822	0	0	160
rv64ui-v-addw	v-	4/18	15377	5079	168	6	271	4080	1589	982	583	0	0	0	0	1726	0	822	0	0	169
rv64ui-v-and	v-	7/18	15565	5119	168	6	271	4083	1591	984	583	0	0	0	0	1726	0	822	0	0	169
rv64ui-v-andi	v-	8/18	14538	4785	168	6	262	4064	1568	964	580	0	0	0	0	1726	0	822	0	0	160
rv64ui-v-auipc	v-	12/18	13979	4900	147	23	314	4108	1646	956	666	0	0	0	0	1726	0	822	0	0	154
rv64ui-v-beq	v-	13/18	15302	5152	167	7	280	4075	1589	989	576	0	0	0	0	1726	0	822	0	0	180
rv64ui-v-bge	v-	14/18	15596	5390	167	7	291	4090	1599	998	577	0	0	0	0	1726	0	822	0	0	189
rv64ui-v-bgeu	v-	15/18	15836	5378	167	7	289	4081	1601	1000	577	0	0	0	0	1726	0	822	0	0	189
rv64ui-v-blt	v-	16/18	15303	5152	167	7	280	4075	1589	989	576	0	0	0	0	1726	0	822	0	0	180
rv64ui-v-bltu	v-	17/18	15523	5223	167	6	280	4077	1592	992	576	0	0	0	0	1726	0	822	0	0	180
rv64ui-v-bne	v-	18/18	15354	5184	167	7	282	4076	1591	991	576	0	0	0	0	1726	0	822	0	0	182
rv64ui-v-fence_i	v-	17/18	24755	7379	281	13	362	5140	2475	1391	1060	0	0	0	0	2901	0	1990	0	0	264
rv64ui-v-jal	v-	1/18	13988	4858	166	6	306	4091	1615	956	635	0	0	0	0	1726	0	822	0	0	156
rv64ui-v-jalr	v-	2/18	14334	4909	169	9	302	4081	1622	968	630	0	0	0	0	1726	0	822	0	0	175
rv64ui-v-lb	v-	3/18	23398	6913	777	14	321	7602	2636	1655	957	0	0	0	0	3379	0	1433	0	0	227
rv64ui-v-lbu	v-	4/18	23398	6913	777	14	321	7602	2636	1655	957	0	0	0	0	3379	0	1433	0	0	227
rv64ui-v-ld	v-	9/18	23922	7019	778	14	327	7603	2648	1655	969	0	0	0	0	3379	0	1433	0	0	229
rv64ui-v-ld_st	v-	14/18	44110	12597	1460	20	692	11740	4584	2713	1847	0	0	0	0	6422	0	3485	0	0	465
rv64ui-v-lh	v-	5/18	23425	6933	776	14	321	7599	2636	1655	957	0	0	0	0	3379	0	1433	0	0	227
rv64ui-v-lhu	v-	6/18	23449	6930	776	14	320	7600	2636	1655	957	0	0	0	0	3379	0	1433	0	0	227
rv64ui-v-lui	v-	11/18	13996	4568	167	6	258	4056	1558	954	580	0	0	0	0	1726	0	822	0	0	154
rv64ui-v-lw	v-	7/18	23451	6935	776	14	320	7598	2635	1655	956	0	0	0	0	3379	0	1433	0	0	227
rv64ui-v-lwu	v-	8/18	23518	6946	776	14	321	7597	2635	1655	956	0	0	0	0	3379	0	1433	0	0	227
rv64ui-v-ma_data	v-	18/18	46560	13025	1460	22	744	11852	4718	2744	1950	0	0	0	0	6327	0	3343	0	0	533
rv64ui-v-or	v-	9/18	15636	5078	168	6	270	4076	1589	984	581	0	0	0	0	1726	0	822	0	0	169
rv64ui-v-ori	v-	10/18	14518	4790	168	6	261	4066	1571	965	582	0	0	0	0	1726	0	822	0	0	160
rv64ui-v-sb	v-	10/18	24714	8364	268	7	529	4785	2521	1312	1185	0	0	0	0	2921	0	2021	0	1	258
rv64ui-v-sd	v-	13/18	33723	10345	867	15	557	8296	3548	2001	1523	0	0	0	0	4550	0	2631	0	1	322
rv64ui-v-sh	v-	11/18	24801	8329	268	7	522	4782	2517	1312	1181	0	0	0	0	2921	0	2021	0	1	258
rv64ui-v-simple	v-	16/18	13932	4493	167	6	256	4054	1555	953	578	0	0	0	0	1726	0	822	0	0	153
rv64ui-v-sll	v-	17/18	24297	7078	776	14	329	7604	2649	1670	955	0	0	0	0	3355	0	1433	0	0	236
rv64ui-v-slli	v-	18/18	14612	4796	168	6	262	4066	1571	965	582	0	0	0	0	1726	0	822	0	0	160
rv64ui-v-slliw	v-	1/18	14625	4791	168	6	262	4063	1569	964	581	0	0	0	0	1726	0	822	0	0	160
rv64ui-v-sllw	v-	2/18	24295	7080	776	14	328	7606	2649	1670	955	0	0	0	0	3355	0	1433	0	0	236
rv64ui-v-slt	v-	13/18	15365	5078	168	6	270	4075	1585	981	580	0	0	0	0	1726	0	822	0	0	169
rv64ui-v-slti	v-	14/18	14553	4785	168	6	262	4066	1570	965	581	0	0	0	0	1726	0	822	0	0	160
rv64ui-v-sltiu	v-	16/18	14553	4785	168	6	262	4066	1570	965	581	0	0	0	0	1726	0	822	0	0	160
rv64ui-v-sltu	v-	15/18	15371	5029	168	6	268	4084	1580	980	576	0	0	0	0	1726	0	822	0	0	168
rv64ui-v-sra	v-	7/18	15462	5023	168	6	270	4075	1585	981	580	0	0	0	0	1726	0	822	0	0	169
rv64ui-v-srai	v-	8/18	14589	4802	168	6	263	4062	1569	963	582	0	0	0	0	1726	0	822	0	0	160
rv64ui-v-sraiw	v-	9/18	14671	4789	168	6	259	4076	1567	964	579	0	0	0	0	1726	0	822	0	0	159
rv64ui-v-sraw	v-	10/18	24311	7060	776	14	328	7606	2649	1670	955	0	0	0	0	3355	0	1433	0	0	236
rv64ui-v-srl	v-	3/18	24347	7110	776	14	329	7609	2652	1672	956	0	0	0	0	3355	0	1433	0	0	236
rv64ui-v-srli	v-	4/18	14641	4809	168	6	262	4067	1572	965	583	0	0	0	0	1726	0	822	0	0	160
rv64ui-v-srliw	v-	5/18	14638	4799	168	6	262	4067	1571	965	582	0	0	0	0	1726	0	822	0	0	160
rv64ui-v-srlw	v-	6/18	24306	7070	776	14	328	7608	2650	1671	955	0	0	0	0	3355	0	1433	0	0	236
rv64ui-v-st_ld	v-	15/18	33135	8981	872	15	380	8260	3349	1968	1357	0	0	0	0	4586	0	2667	0	0	302
rv64ui-v-sub	v-	5/18	15371	5081	168	6	271	4080	1589	982	583	0	0	0	0	1726	0	822	0	0	169
rv64ui-v-subw	v-	6/18	15333	5040	168	6	267	4088	1582	982	576	0	0	0	0	1726	0	822	0	0	168
rv64ui-v-sw	v-	12/18	24819	8313	268	7	530	4784	2521	1312	1185	0	0	0	0	2921	0	2020	0	1	258
rv64ui-v-xor	v-	11/18	15633	5094	168	6	270	4075	1589	984	581	0	0	0	0	1726	0	822	0	0	169
rv64ui-v-xori	v-	12/18	14520	4788	168	6	262	4067	1571	966	581	0	0	0	0	1726	0	822	0	0	160
rv64um-v-div	v-	5/18	14102	4616	168	6	256	4058	1559	954	581	0	0	0	0	1726	0	822	0	0	154
rv64um-v-divu	v-	6/18	14112	4624	168	6	257	4059	1560	954	582	0	0	0	0	1726	0	822	0	0	154
rv64um-v-divuw	v-	11/18	14100	4623	168	6	256	4059	1560	954	582	0	0	0	0	1726	0	822	0	0	154
rv64um-v-divw	v-	10/18	14055	4578	168	6	253	4069	1556	954	578	0	0	0	0	1726	0	822	0	0	153
rv64um-v-mul	v-	1/18	15413	5095	168	6	271	4073	1583	980	579	0	0	0	0	1726	0	822	0	0	169
rv64um-v-mulh	v-	2/18	15410	5109	168	6	270	4080	1588	984	580	0	0	0	0	1726	0	822	0	0	169
rv64um-v-mulhsu	v-	3/18	15411	5102	168	6	270	4080	1587	984	579	0	0	0	0	1726	0	822	0	0	169
rv64um-v-mulhu	v-	4/18	15470	5095	168	6	270	4080	1588	984	580	0	0	0	0	1726	0	822	0	0	169
rv64um-v-mulw	v-	9/18	15263	5079	168	6	270	4075	1585	981	580	0	0	0	0	1726	0	822	0	0	169
rv64um-v-rem	v-	7/18	14083	4614	168	6	256	4058	1559	954	581	0	0	0	0	1726	0	822	0	0	154
rv64um-v-remu	v-	8/18	14087	4607	168	6	256	4058	1559	954	581	0	0	0	0	1726	0	822	0	0	154
rv64um-v-remuw	v-	13/18	14075	4606	168	6	256	4058	1559	954	581	0	0	0	0	1726	0	822	0	0	154
rv64um-v-remw	v-	12/18	14055	4578	168	6	253	4069	1556	954	578	0	0	0	0	1726	0	822	0	0	153
rv64uzba-v-add_uw	v-	3/18	15350	5256	56	6	276	4122	1636	982	632	0	0	0	0	1726	0	822	0	0	171
rv64uzba-v-sh1add	v-	4/18	15361	5251	56	6	276	4124	1637	983	632	0	0	0	0	1726	0	822	0	0	171
rv64uzba-v-sh1add_uw	v-	5/18	15363	5250	56	6	276	4124	1637	983	632	0	0	0	0	1726	0	822	0	0	171
rv64uzba-v-sh2add	v-	6/18	15361	5251	56	6	276	4124	1637	983	632	0	0	0	0	1726	0	822	0	0	171
rv64uzba-v-sh2add_uw	v-	7/18	15363	5250	56	6	276	4124	1637	983	632	0	0	0	0	1726	0	822	0	0	171
rv64uzba-v-sh3add	v-	8/18	15361	5251	56	6	276	4124	1637	983	632	0	0	0	0	1726	0	822	0	0	171
rv64uzba-v-sh3add_uw	v-	9/18	15363	5250	56	6	276	4124	1637	983	632	0	0	0	0	1726	0	822	0	0	171
rv64uzba-v-slli_uw	v-	10/18	14589	4984	56	6	268	4113	1621	966	633	0	0	0	0	1726	0	822	0	0	162
rv64uzbb-v-andn	v-	11/18	15622	5104	163	6	270	3828	1583	985	574	0	0	0	0	1726	0	822	0	0	170
rv64uzbb-v-clz	v-	12/18	14458	4785	163	6	260	3812	1559	960	575	0	0	0	0	1726	0	822	0	0	158
rv64uzbb-v-clzw	v-	13/18	14436	4784	163	6	261	3813	1561	960	577	0	0	0	0	1726	0	822	0	0	158
rv64uzbb-v-cpop	v-	14/18	14458	4785	163	6	260	3812	1559	960	575	0	0	0	0	1726	0	822	0	0	158
rv64uzbb-v-cpopw	v-	15/18	14436	4784	163	6	261	3813	1561	960	577	0	0	0	0	1726	0	822	0	0	158
rv64uzbb-v-ctz	v-	16/18	14458	4785	163	6	260	3812	1559	960	575	0	0	0	0	1726	0	822	0	0	158
rv64uzbb-v-ctzw	v-	17/18	14436	4783	163	6	261	3814	1562	961	577	0	0	0	0	1726	0	822	0	0	158
rv64uzbb-v-max	v-	18/18	15353	5096	163	6	266	3825	1575	980	571	0	0	0	0	1726	0	822	0	0	169
rv64uzbb-v-maxu	v-	1/18	15446	5094	163	6	271	3828	1580	983	573	0	0	0	0	1726	0	822	0	0	170
rv64uzbb-v-min	v-	2/18	15380	5131	163	6	271	3827	1581	981	576	0	0	0	0	1726	0	822	0	0	170
rv64uzbb-v-minu	v-	3/18	15423	5105	163	6	271	3828	1580	983	573	0	0	0	0	1726	0	822	0	0	170
rv64uzbb-v-orc_b	v-	4/18	14503	4793	163	6	261	3811	1559	960	575	0	0	0	0	1726	0	822	0	0	158
rv64uzbb-v-orn	v-	5/18	24458	7228	773	14	335	7374	2670	1674	972	0	0	0	0	3355	0	1433	0	0	241
rv64uzbb-v-rev8	v-	6/18	14548	4804	163	6	261	3813	1561	960	577	0	0	0	0	1726	0	822	0	0	158
rv64uzbb-v-rol	v-	7/18	24397	7184	773	14	336	7370	2665	1672	969	0	0	0	0	3355	0	1433	0	0	241
rv64uzbb-v-rolw	v-	8/18	24390	7181	773	14	336	7369	2664	1672	968	0	0	0	0	3355	0	1433	0	0	241
rv64uzbb-v-ror	v-	9/18	24433	7171	773	14	336	7366	2665	1671	970	0	0	0	0	3355	0	1433	0	0	241
rv64uzbb-v-rori	v-	10/18	14663	4856	163	6	262	3817	1565	965	576	0	0	0	0	1726	0	822	0	0	161
rv64uzbb-v-roriw	v-	11/18	14571	4840	163	6	262	3817	1564	966	574	0	0	0	0	1726	0	822	0	0	161
rv64uzbb-v-rorw	v-	12/18	15458	5077	163	6	270	3826	1579	982	573	0	0	0	0	1726	0	822	0	0	170
rv64uzbb-v-sext_b	v-	13/18	14458	4785	163	6	260	3812	1559	960	575	0	0	0	0	1726	0	822	0	0	158
rv64uzbb-v-sext_h	v-	14/18	14467	4786	163	6	260	3813	1560	961	575	0	0	0	0	1726	0	822	0	0	158
rv64uzbb-v-xnor	v-	15/18	24488	7244	773	14	336	7373	2668	1675	969	0	0	0	0	3355	0	1433	0	0	241
rv64uzbb-v-zext_h	v-	16/18	14473	4789	163	6	260	3811	1559	960	575	0	0	0	0	1726	0	822	0	0	158
rv64uzbc-v-clmul	v-	17/18	15414	5092	168	6	271	4077	1585	982	579	0	0	0	0	1726	0	822	0	0	169
rv64uzbc-v-clmulh	v-	18/18	15424	5091	168	6	271	4077	1586	982	580	0	0	0	0	1726	0	822	0	0	169
rv64uzbc-v-clmulr	v-	1/18	15422	5089	168	6	271	4072	1582	979	579	0	0	0	0	1726	0	822	0	0	169
rv64uzbkb-v-brev8	v-	2/18	14524	4926	247	7	267	3833	1563	960	579	0	0	0	0	1726	0	822	0	0	161
rv64uzbkb-v-pack	v-	3/18	24805	7464	856	14	351	7403	2676	1675	977	0	0	0	0	3355	0	1433	0	0	245
rv64uzbkb-v-packh	v-	4/18	15604	5310	247	6	277	3851	1583	983	576	0	0	0	0	1726	0	822	0	0	173
rv64uzbkb-v-packw	v-	5/18	15453	5310	247	6	278	3849	1587	983	580	0	0	0	0	1726	0	822	0	0	173
rv64uzbkx-v-xperm4	v-	6/18	24529	7150	776	14	332	7610	2657	1673	960	0	0	0	0	3355	0	1433	0	0	237
rv64uzbkx-v-xperm8	v-	7/18	25372	7349	776	14	332	7606	2658	1673	961	0	0	0	0	3355	0	1433	0	0	237
rv64uzbs-v-bclr	v-	8/18	24528	7204	816	14	340	7294	2606	1673	909	0	0	0	0	3355	0	1433	0	0	237
rv64uzbs-v-bclri	v-	9/18	14686	4875	166	6	266	3799	1552	966	562	0	0	0	0	1726	0	822	0	0	159
rv64uzbs-v-bext	v-	10/18	24386	7185	817	14	339	7299	2606	1673	909	0	0	0	0	3355	0	1433	0	0	237
rv64uzbs-v-bexti	v-	11/18	14617	4861	166	6	266	3800	1552	966	562	0	0	0	0	1726	0	822	0	0	159
rv64uzbs-v-binv	v-	12/18	24349	7170	817	14	339	7297	2602	1671	907	0	0	0	0	3355	0	1433	0	0	237
rv64uzbs-v-binvi	v-	13/18	14601	4850	165	6	266	3795	1549	964	561	0	0	0	0	1726	0	822	0	0	159
rv64uzbs-v-bset	v-	14/18	24532	7204	816	14	340	7294	2606	1673	909	0	0	0	0	3355	0	1433	0	0	237
rv64uzbs-v-bseti	v-	15/18	14700	4883	166	6	266	3796	1551	965	562	0	0	0	0	1726	0	822	0	0	159
rv64uzfh-v-fadd	v-	16/18	23566	6986	775	14	312	7582	2626	1654	948	0	0	0	0	3395	0	1433	0	0	232
rv64uzfh-v-fclass	v-	17/18	14116	4629	168	6	256	4059	1560	955	581	0	0	0	0	1726	0	822	0	0	155
rv64uzfh-v-fcmp	v-	18/18	23208	6836	775	14	313	7583	2624	1650	950	0	0	0	0	3379	0	1433	0	0	228
rv64uzfh-v-fcvt	v-	1/18	23431	6933	774	14	313	7582	2626	1654	948	0	0	0	0	3371	0	1433	0	0	232
rv64uzfh-v-fcvt_w	v-	2/18	33789	9556	1377	20	367	11099	3694	2362	1308	0	0	0	0	5116	0	2044	0	0	314
rv64uzfh-v-fdiv	v-	3/18	23316	6883	775	14	312	7582	2623	1651	948	0	0	0	0	3383	0	1433	0	0	229
rv64uzfh-v-fmadd	v-	4/18	23715	7049	774	14	312	7579	2625	1656	945	0	0	0	0	3403	0	1433	0	0	234
rv64uzfh-v-fmin	v-	5/18	24197	7251	775	14	312	7582	2634	1662	948	0	0	0	0	3427	0	1433	0	0	240
rv64uzfh-v-ldst	v-	6/18	23820	6941	281	12	346	4764	2337	1286	1027	0	0	0	0	2903	0	1988	0	0	248
rv64uzfh-v-move	v-	7/18	14690	4815	167	6	255	4054	1564	963	577	0	0	0	0	1726	0	822	0	0	163
rv64uzfh-v-recoding	v-	8/18	22830	6666	774	14	317	7579	2617	1644	949	0	0	0	0	3357	0	1433	0	0	222
rv64uziccid-v-ziccid	v-	11/18	164934	41280	10130	103	1714	61005	18976	12898	6054	0	0	0	0	29013	0	11907	0	0	1287
rv64uzicond-v-czero_eqz	v-	9/18	15378	5278	155	6	272	3837	1575	979	572	0	0	0	0	1726	0	822	0	0	171
rv64uzicond-v-czero_nez	v-	10/18	15379	5287	155	6	272	3840	1577	981	572	0	0	0	0	1726	0	822	0	0	171
